vietcombank	Vietcombank	https://www.vietcombank.com.vn/	verified-local	/banks/vietcombank.ico	https://www.vietcombank.com.vn/-/media/Default-Website/Default-Images/Icons/favicon.ico?ts=00010101000000
bidv	BIDV	https://bidv.com.vn/	verified-local	/banks/bidv.ico	https://bidv.com.vn/favicon.ico
vietinbank	VietinBank	https://www.vietinbank.vn/	verified-local	/banks/vietinbank.ico	https://www.vietinbank.vn/assets/4ed6cd47-8286-40df-b66f-4ccb71e09b4b
agribank	Agribank	https://www.agribank.com.vn/	verified-local	/banks/agribank.ico	https://www.agribank.com.vn/contenthandler/!ut/p/digest!XzWpHd4WWNGJyUWtkUvndg/dav/fs-type1/themes/AGBank3/images/favicon.ico
mb	MB	https://www.mbbank.com.vn/	fallback		https://www.mbbank.com.vn/
techcombank	Techcombank	https://techcombank.com/	verified-local	/banks/techcombank.ico	https://techcombank.com/content/dam/techcombank/public-site/seo/favicon.ico
acb	ACB	https://acb.com.vn/	verified-local	/banks/acb.webp	https://acb.com.vn/favicon.webp
vpbank	VPBank	https://www.vpbank.com.vn/	verified-local	/banks/vpbank.ico	https://www.vpbank.com.vn/favicon.ico
tpbank	TPBank	https://tpb.vn/	verified-local	/banks/tpbank.ico	https://tpb.vn/wps/contenthandler/!ut/p/digest!iz67yqOQnqPda5Sovznj-g/dav/fs-type1/themes/custom.portal.theme.TPBThemev1/images/favicon.ico
vib	VIB	https://www.vib.com.vn/	verified-local	/banks/vib.png	https://www.vib.com.vn/favicons/favicon-76.png
sacombank	Sacombank	https://www.sacombank.com.vn/	verified-local	/banks/sacombank.png	https://www.sacombank.com.vn/apple-touch-icon-180x180-precomposed.png
hdbank	HDBank	https://hdbank.com.vn/	verified-local	/banks/hdbank.ico	https://hdbank.com.vn/favicon.ico
ocb	OCB	https://www.ocb.com.vn/	verified-local	/banks/ocb.png	https://www.ocb.com.vn/apple-touch-icon-76x76.png
msb	MSB	https://www.msb.com.vn/	verified-local	/banks/msb.png	https://msbweb-cdn.msb.com.vn/msb-website/2026/01/Icon-MSB-1-300x300.png
shb	SHB	https://www.shb.com.vn/	fallback		https://www.shb.com.vn/
seabank	SeABank	https://www.seabank.com.vn/	verified-local	/banks/seabank.ico	https://www.seabank.com.vn/favicon.ico
lpbank	LPBank	https://lpbank.com.vn/	verified-local	/banks/lpbank.ico	https://lpbank.com.vn/favicon.ico
eximbank	Eximbank	https://eximbank.com.vn/	verified-local	/banks/eximbank.ico	https://eximbank.com.vn/favicon.ico
namabank	Nam A Bank	https://www.namabank.com.vn/	verified-local	/banks/namabank.png	https://www.namabank.com.vn/Data/Sites/1/skins/default/favicon/apple-icon-76x76.png
bacabank	Bac A Bank	https://www.baca-bank.vn/	fallback		https://www.baca-bank.vn/
